id,url_title,date,product_title,currency,product_price
1,https://www.amazon.com/s?k=laptop&page=1,20251203,"AOC Laptop 15.6"" Full HD IPS Display Laptop Computer with N95 Processor, Work Laptops 16GB RAM 512GB SSD Windows 11 Laptop Business Computer Light&Thin, Metal Shell, Webcam, Type-C, USB 3.2",$,379.0
1,https://www.amazon.com/s?k=laptop&page=1,20251203,"ASUS 15.6” Vivobook Go Slim Laptop, Thin & Portable for Student Study, Intel Dual Core N4500, 4GB RAM, 128GB SSD, Windows 11, Star Black, L510KA-ES04",$,229.0
1,https://www.amazon.com/s?k=laptop&page=1,20251203,"ASUS Chromebook CX15 Laptop, 15.6"" FHD Anti-Glare Display, Intel Celeron N4500 Processor, 128GB Storage, 8GB RAM, ChromeOS, Pure Grey, CX1505CKA-AS88F-PG",$,349.0
1,https://www.amazon.com/s?k=laptop&page=1,20251203,"ASUS Vivobook Go 15.6” FHD Slim Laptop, AMD Ryzen 3 7320U Quad Core Processor, 8GB DDR5 RAM, 256GB SSD, Windows 11 Home, Fast Charging, Webcam Shield, Military Grade Durability, Black, E1504FA-AB34",$,370.0
1,https://www.amazon.com/s?k=laptop&page=1,20251203,"Acer Aspire Go 15 AI Ready Laptop | 15.6"" FHD (1920 x 1080) IPS Display | Intel Core 3 Processor N355 | Intel Graphics | 8GB DDR5 | 128GB UFS | Wi-Fi 6 | Windows 11 Home in S Mode | AG15-32P-39R2",$,299.0
1,https://www.amazon.com/s?k=laptop&page=1,20251203,"Apple 2025 MacBook Air 13-inch Laptop with M4 chip: Built for Apple Intelligence, 13.6-inch Liquid Retina Display, 16GB Unified Memory, 256GB SSD Storage, 12MP Center Stage Camera, Touch ID; Midnight",$,966.0
1,https://www.amazon.com/s?k=laptop&page=1,20251203,"Gaming Laptop, Laptop 2025 Laptop, ΑΜD Ryzen 5 7430U,15.6-in IPS 16GB RAM 512GB NVMe SSD, WiFi 6, Numeric Keypad, Home Laptops Office Laptops, HDMI Type-C USB3.2 Webcam 3.5mm Audio",$,399.0
1,https://www.amazon.com/s?k=laptop&page=1,20251203,"HP 15.6 inch Laptop, HD Touchscreen Display, AMD Ryzen 3 7320U, 8 GB RAM, 128 GB SSD, AMD Radeon Graphics, Windows 11 Home in S Mode, Natural Silver, 15- fc0099nr",$,299.0
1,https://www.amazon.com/s?k=laptop&page=1,20251203,"HP 17.3 inch Laptop, HD+ Display, AMD Ryzen 5 7520U, 16 GB RAM, 512 GB SSD, AMD Radeon Graphics, Windows 11 Home, Natural Silver, 17-cp2199nr",$,409.0
1,https://www.amazon.com/s?k=laptop&page=1,20251203,"HP Chromebook 14 inch Laptop, HD Display, Intel Processor N100, 8 GB RAM, 128 GB UFS, Intel UHD Graphics, Chrome OS, Chalkboard Gray, 14a-nf0099nr",$,239.0
1,https://www.amazon.com/s?k=laptop&page=1,20251203,"HP Stream 14"" HD BrightView Laptop, Intel Processor N150, 16GB RAM, 416GB Storage (128GB eMMC + 288GB Docking Station Set), Intel UHD Graphics, 720p Camera, Wi-Fi, 1 Year Office 365, Win 11 S, Gold",$,369.0
1,https://www.amazon.com/s?k=laptop&page=1,20251203,HP Ultrabook Laptop with Copilot AI & Office 365 • Intel 4-Core CPU • 1.1TB Storage (1TB OneDrive and 128GB SSD) • 8GB RAM • Windows 11 w/o Earbuds,$,279.99
1,https://www.amazon.com/s?k=laptop&page=1,20251203,HP Ultrabook Laptop with Copilot AI & Office 365 • Intel High Performance CPU • 8GB RAM • 1.3TB Storage (320GB SSD and 1TB OneDrive) • Windows 11 w/o Earbuds,$,269.99
1,https://www.amazon.com/s?k=laptop&page=1,20251203,"Laptop Computer, 16GB RAM 256GB SSD Laptops, 6500Y Processor (up to 3.4GHz), 15.6"" FHD IPS Display, Laptop for Student and Business, WiFi 5, BT 5.0, Sliver",$,239.0
1,https://www.amazon.com/s?k=laptop&page=1,20251203,"Laptop, Ιntel N150 Processor (Up to 3.6GHz), 16GB RAM 512GB NVMe SSD, 15.6"" FHD Display Laptop Computer, Home/Business/Student Laptop, Metal Shell, USB3.2, HDMI",$,359.0
1,https://www.amazon.com/s?k=laptop&page=1,20251203,"Lenovo 14 G4 - Laptop for Business - Intel Core i7-13620H - 14"" FHD Display - 8GB RAM (upgradable to 16GB) - 256GB Storage (upgradable to 1TB) - Windows 11 Home - Thin & Portable - Business Black",$,429.0
1,https://www.amazon.com/s?k=laptop&page=1,20251203,"Lenovo IdeaPad 3i Chromebook, 15.6” FHD Display, Intel Celeron N4500, 8GB RAM, 64GB eMMC, 1920x1080 px, 720p Camera, Chrome OS, Abyss Blue",$,247.0
1,https://www.amazon.com/s?k=laptop&page=1,20251203,"Lenovo IdeaPad Laptop with Microsoft Office, 12GB RAM, 1.2TB(1TB Cloud & 256GB Storage), Intel High Performance CPU, 11 Hour Battery, SD-Card Reader, Webcam + USB-C, WOWPC Recovery USB, Windows 11",$,259.99
1,https://www.amazon.com/s?k=laptop&page=1,20251203,"Naclud 15.6 Inch Laptop Computer, Windows 11 Laptops with 16GB RAM 1024GB SSD, Core i3 CPU(Up to 3.9GHz), Backlit Keyboard, 53.2WH Battery, WiFi 6, IPS FHD Display, 180° Viewing, HDMI, Type-C",$,937.0
1,https://www.amazon.com/s?k=laptop&page=1,20251203,"Phatom 15.6"" FHD Laptop Computers, Compatible with Windows 11, Pentium Gold (Beats Pentium, Celeron), Cooling Fan, 4GB RAM, 128GB SSD, Up to 2TB, HDMI, for Business, Student",$,199.0
1,https://www.amazon.com/s?k=laptop&page=1,20251203,"SGIN 15.6 Inch Laptop 16GB RAM 1024GB SSD, Laptops Computer with Core I3, Win 11, Portable Notebook, IPS FHD Display, WiFi 6, 180° Open Angle, Backlit Keyboard",$,799.0
1,https://www.amazon.com/s?k=laptop&page=1,20251203,"laptop 16-inch , 8GB DDR 256GB SSD portable laptop computer, expandable to 1TB, Pentium quad-core CPU up to 2.64 GHz, 9000mAh battery, interface, USB3.0 interface, dual-band WiFi, webcam, slim laptops",$,199.0
2,https://www.amazon.com/s?k=laptop&page=2,20251203,"17.6 Inch Windows 11 Laptop, 16GB DDR5 RAM 640GB SSD, 4-Core N95 CPU, 16:10 FHD IPS 1920 * 1200 Display, Office 365, Backlit Keyboard, 7000mAh, WiFi-6, Laptops for Students and Business",$,408.0
2,https://www.amazon.com/s?k=laptop&page=2,20251203,"AOC Laptop 15.6"" Full HD IPS Display Laptop Computer with N95 Processor, Work Laptops 16GB RAM 512GB SSD Windows 11 Laptop Business Computer Light&Thin, Metal Shell, Webcam, Type-C, USB 3.2",$,379.0
2,https://www.amazon.com/s?k=laptop&page=2,20251203,"AOC Laptop Computer with N95 Processor(Up to 3.4GHz) 16GB RAM 512GB SSD Laptop, 15.6 Inch FHD Screen Laptops Windows 11 Laptop Computer, Light&Thin, Metal Shell, Webcam, Type-C, USB3.2, Grey",$,389.0
2,https://www.amazon.com/s?k=laptop&page=2,20251203,"ASUS ROG Strix G16 (2025) Gaming Laptop, 16” FHD+ 16:10 165Hz/3ms Display, NVIDIA® GeForce RTX™ 5060 Laptop GPU, Intel® Core™ i7 Processor 14650HX, 16GB DDR5, 1TB Gen 4 SSD, Wi-Fi 7, Windows 11 Home",$,"1,249.99"
2,https://www.amazon.com/s?k=laptop&page=2,20251203,"Acer Nitro V Gaming Laptop | Intel Core i5-13420H Processor | NVIDIA GeForce RTX 4050 Laptop GPU | 15.6"" FHD IPS 165Hz Display | 8GB DDR5 | 512GB Gen 4 SSD | Wi-Fi 6 | Backlit KB | ANV15-52-586Z",$,749.0
2,https://www.amazon.com/s?k=laptop&page=2,20251203,"Acer Nitro V Gaming Laptop | Intel Core i7-13620H Processor | NVIDIA GeForce RTX 4050 Laptop GPU | 15.6"" FHD IPS 165Hz Display | 16GB DDR5 | 1TB Gen 4 SSD | Wi-Fi 6 | Backlit KB | ANV15-52-76NK",$,949.0
2,https://www.amazon.com/s?k=laptop&page=2,20251203,"Dell 15 Laptop DC15250-15.6-inch FHD (1920x1080) 120Hz Display, Intel Core i5-1334U Processor, 16GB DDR4 RAM, 512GB SSD, Intel UHD Graphics, Windows 11 Home, Onsite Service - Platinum Silver",$,549.0
2,https://www.amazon.com/s?k=laptop&page=2,20251203,"Gaming Laptop, Laptop 2025 Laptop, ΑΜD Ryzen 5 7430U,15.6-in IPS 16GB RAM 512GB NVMe SSD, WiFi 6, Numeric Keypad, Home Laptops Office Laptops, HDMI Type-C USB3.2 Webcam 3.5mm Audio",$,399.0
2,https://www.amazon.com/s?k=laptop&page=2,20251203,"HP 14 Laptop, Intel Celeron N4020, 4 GB RAM, 64 GB Storage, 14-inch Micro-edge HD Display, Windows 11 Home, Thin & Portable, 4K Graphics, One Year of Microsoft 365 (14-dq0040nr, Snowflake White)",$,164.0
2,https://www.amazon.com/s?k=laptop&page=2,20251203,"HP 15.6 inch Laptop Computer, 2025/2026 Edition, Intel High-Performance 4 cores N100 CPU, 16GB RAM, 512GB SSD, Long Battery Life, Ultra-Quiet Design, Windows 11 Pro with Microsoft Office",$,319.99
2,https://www.amazon.com/s?k=laptop&page=2,20251203,"HP 17 Business Laptop 2025/2026 Edition, 17.3"" FHD IPS Display, AMD 7000 Series Ryzen Processor (Beats Intel i7-1355U), Copilot Key, 16GB RAM, 512GB SSD, HDMI, Wi-Fi 6, Windows 11, WOWPC USB",$,469.99
2,https://www.amazon.com/s?k=laptop&page=2,20251203,"HP Pavilion 15.6"" Laptop | 13th Gen Intel Core i3 Processor | 16GB DDR4 RAM | 640GB Storage (128GB PCIe SSD + 512GB External) | AI-Enhanced Windows 11 | Privacy Webcam | Up to 11.5 Hrs Battery",$,399.99
2,https://www.amazon.com/s?k=laptop&page=2,20251203,"HP Ultra Slim Laptop for Students and Business | 1 Year Office 365 | 1.1TB Storage (1TB Cloud and 64GB Hard Drive) | Intel Quad-Core, 8GB RAM | Windows 11 Home w/o Earbuds",$,270.0
2,https://www.amazon.com/s?k=laptop&page=2,20251203,"Laptop Computer, 16GB RAM 256GB SSD Laptops, 6500Y Processor (up to 3.4GHz), 15.6"" FHD IPS Display, Laptop for Student and Business, WiFi 5, BT 5.0, Sliver",$,239.0
2,https://www.amazon.com/s?k=laptop&page=2,20251203,"Laptop with AMD Ryzen 7430U Processor (UP to 4.3GHZ,6C/12T),16GB DDR4 RAM 512GB SSD,AMD Radeon Graphics,Windows 11 Computer ,WiFi 6,15.6 Inch Full HD IPS Display,2025 Laptops for Work Business Student",$,437.0
2,https://www.amazon.com/s?k=laptop&page=2,20251203,"Laptop, Ιntel N150 Processor (Up to 3.6GHz), 16GB RAM 512GB NVMe SSD, 15.6"" FHD Display Laptop Computer, Home/Business/Student Laptop, Metal Shell, USB3.2, HDMI",$,369.0
2,https://www.amazon.com/s?k=laptop&page=2,20251203,"Lenovo 2026 New Generation V15 Business Laptop with Microsoft Office | 15.6"" FHD Display | Intel High-Performance CPU | 16GB RAM | 512GB SSD | Ultra-Quiet Design | Long Battery Life | Windows 11 Pro",$,318.99
2,https://www.amazon.com/s?k=laptop&page=2,20251203,"Lenovo IdeaPad 1 Student Laptop, 15.6"" FHD Display, Intel Dual Core Processor, 12GB RAM, 512GB SSD + 128GB eMMC, 1 Year Office 365, Wi-Fi 6, Webcam, Bluetooth, SD Card Reader, Windows 11 Home, Grey",$,359.0
2,https://www.amazon.com/s?k=laptop&page=2,20251203,"Lenovo Premium Series 15.6"" IdeaPad Laptop | 12GB RAM | 256GB PCIe SSD | 1 Year Office 365 w/ 1TB Cloud Storage | Ready for Business & Academics | Intel Core | Wi-Fi 6 | Windows 11",$,699.99
2,https://www.amazon.com/s?k=laptop&page=2,20251203,Lenovo V15 Business Laptop | 2025/2026 Edition | Intel Pentium 4-Core Series Processor | 15.6 FHD Screen (1920 x 1080) | 16GB RAM | 512GB PCIe SSD | Ethernet RJ-45 | WiFi-6 | Windows 11 Pro,$,699.99
2,https://www.amazon.com/s?k=laptop&page=2,20251203,"SGIN 15.6 Inch Laptop Computer, Win 11 Laptops with 16GB RAM 1024GB SSD, Core i3 CPU(Up to 3.9GHz), Backlit Keyboard, 53.2WH Battery, WiFi 6, IPS FHD Display, 180° Viewing, HDMI, Type-C",$,284.0
2,https://www.amazon.com/s?k=laptop&page=2,20251203,"laptop 16-inch , 8GB DDR 256GB SSD portable laptop computer, expandable to 1TB, Pentium quad-core CPU up to 2.64 GHz, 9000mAh battery, interface, USB3.0 interface, dual-band WiFi, webcam, slim laptops",$,199.0
3,https://www.amazon.com/s?k=laptop&page=3,20251203,"17 Inch Laptop Computers,12th Generation Processor N95 4C 4T(3.4Ghz),16GB DDR4 RAM 512GB SSD,1080P Display,10000mAh Large Battery,Type-C(Data), WiFi5,BT,RJ45,Dual Stereo Speakers, Backlit Keyboard.",$,349.0
3,https://www.amazon.com/s?k=laptop&page=3,20251203,"AOC Laptop 15.6"" Full HD IPS Display Laptop Computer with N95 Processor, Work Laptops 16GB RAM 512GB SSD Windows 11 Laptop Business Computer Light&Thin, Metal Shell, Webcam, Type-C, USB 3.2",$,379.0
3,https://www.amazon.com/s?k=laptop&page=3,20251203,"AOC Laptop Computer with N95 Processor(Up to 3.4GHz) 16GB RAM 512GB SSD Laptop, 15.6 Inch FHD Screen Laptops Windows 11 Laptop Computer, Light&Thin, Metal Shell, Webcam, Type-C, USB3.2, Grey",$,389.0
3,https://www.amazon.com/s?k=laptop&page=3,20251203,"Acer Aspire 14 AI Copilot+ PC | 14"" WUXGA Display | Intel Core Ultra 5 Processor 226V | NPU: Up to 40 Tops - GPU: Up to 53 Tops | Intel ARC 130V | 16GB LPDDR5X | 512GB SSD | Wi-Fi 6E | A14-52M-51S1",$,569.0
3,https://www.amazon.com/s?k=laptop&page=3,20251203,"Acer Nitro V 16S AI Gaming Laptop | AMD Ryzen 7 260 Processor | NVIDIA GeForce RTX 5060 Laptop GPU (572 AI Tops) | 16"" WUXGA IPS 180Hz Display | 32GB DDR5 | 1TB Gen 4 SSD | Wi-Fi 6 | ANV16S-41-R2AJ",$,"1,291"
3,https://www.amazon.com/s?k=laptop&page=3,20251203,"Alienware 16 Aurora Gaming Laptop AC16250-16"" WQXGA 120Hz Display, Intel Core 7-240H Processor, 16GB DDR5 RAM, 1TB SSD, NVIDIA GeForce RTX 5050 8GB Graphics, Windows 11 Home, Onsite Service - Blue",$,"1,245"
3,https://www.amazon.com/s?k=laptop&page=3,20251203,"Dell 15 Laptop DC15250 Touchscreen Laptop for Business & Home, Intel Core i7-1355U(10-Core, Up to 5.0GHz), 15.6"" FHD Touch, 32GB RAM, 1TB PCIe SSD, WiFi6, Numeric Keypad, Copilot AI, Windows 11 Pro",$,895.99
3,https://www.amazon.com/s?k=laptop&page=3,20251203,"Dell inspiron 15 Touchscreen Laptop -Intel Core i7-1355U -15.6"" FHD Touch -64GB RAM -2TB SSD -Business Laptop Windows 11 Pro - Office 365 -Computadora Work College Student - 3.6lbs Light",$,979.0
3,https://www.amazon.com/s?k=laptop&page=3,20251203,"Gaming Laptop, Laptop 2025 Laptop, ΑΜD Ryzen 5 7430U,15.6-in IPS 16GB RAM 512GB NVMe SSD, WiFi 6, Numeric Keypad, Home Laptops Office Laptops, HDMI Type-C USB3.2 Webcam 3.5mm Audio",$,399.0
3,https://www.amazon.com/s?k=laptop&page=3,20251203,"HP 15.6 inch FHD Business Laptop | Intel Dual Core Processor Series | 16GB RAM | 512GB SSD | SD Card Reader | Long Battery | Wi-Fi 6 | Windows 11 Pro | School, Business & Productivity",$,419.99
3,https://www.amazon.com/s?k=laptop&page=3,20251203,"HP Chromebook 14 Laptop, Intel Celeron N4120, 4 GB RAM, 64 GB eMMC, 14"" HD Display, Chrome OS, Thin Design, 4K Graphics, Long Battery Life, Ash Gray Keyboard (14a-na0226nr, 2022, Mineral Silver)",$,156.0
3,https://www.amazon.com/s?k=laptop&page=3,20251203,HP Laptop in Pale Rose Gold • 8GB RAM • 1.1TB Storage (128GB SSD + 1TB Cloud) • Intel 4-Core Performance • Windows 11 • Office 365 • Portable Notebook for School & Everyday Use,$,579.99
3,https://www.amazon.com/s?k=laptop&page=3,20251203,"HP Latest 15.6"" FHD Laptop with Microsoft Office, Intel Core i5-1335U Processor(Beat 12th i7), Wi-Fi 6, Copilot AI, 16GB RAM | 512GB PCIe SSD, Win11 Pro, for Work&Study, w/WOWPC Recovery USB",$,379.99
3,https://www.amazon.com/s?k=laptop&page=3,20251203,"HP OmniBook 5 16 inch Next Gen AI PC, 2K Touchscreen, Snapdragon X Plus X1P-42-100, 16 GB RAM, 512 GB SSD, Qualcomm Adreno GPU, Windows 11 Home, Copilot+ PC, Glacier Silver, 16-fb0000nr",$,777.0
3,https://www.amazon.com/s?k=laptop&page=3,20251203,"Laptop Computer, 16GB RAM 256GB SSD Laptops, 6500Y Processor (up to 3.4GHz), 15.6"" FHD IPS Display, Laptop for Student and Business, WiFi 5, BT 5.0, Sliver",$,239.0
3,https://www.amazon.com/s?k=laptop&page=3,20251203,"Lenovo IdeaPad Slim 3 Chromebook - 2024 - Lightweight Laptop - Waves MaxxAudio® Speakers - 14"" HD Display - HD 720p Camera - 4GB Memory - 64GB Storage - MediaTek Kompanio 520 - Abyss Blue",$,175.0
3,https://www.amazon.com/s?k=laptop&page=3,20251203,"Lenovo Slim 7i Aura Edition 2025 Copilot+ PC with Intel Core Ultra 7 258V Processor, 14” 100% DCI-P3 OLED Touchscreen, 32GB LPDDR5X-8533MT/s Memory, 1TB SSD, Wi-Fi 7, 5MP RGB+IR Cam, and Win 11 Pro",$,795.0
3,https://www.amazon.com/s?k=laptop&page=3,20251203,"Samsung 14"" Galaxy Chromebook Go Laptop PC Computer, Intel Celeron N4500 Processor, 4GB RAM, 64GB Storage, ChromeOS, XE340XDA-KA2US, Student Laptop, Silver",$,187.0
3,https://www.amazon.com/s?k=laptop&page=3,20251203,"acer Aspire 3 Premium Laptop Computer Featuring Backlit Keyboard | AMD Ryzen 5 7430U CPU | 32GB RAM | 1TB SSD | 15.6"" FHD Display | Webcam | Fast Wi-Fi 6 | Copilot AI Chat | Type-C | Windows 11 Pro",$,439.99
3,https://www.amazon.com/s?k=laptop&page=3,20251203,"acer Aspire 3 Premium Slim Laptop Computer with Backlit Keyboard - AMD Ryzen 5 7430U CPU - 64GB RAM - 2TB SSD - 15.6"" FHD Display - Fast Wi-Fi 6 - Webcam - Copilot AI Chat - Windows 11 Pro",$,659.99
3,https://www.amazon.com/s?k=laptop&page=3,20251203,"laptop 16-inch , 8GB DDR 256GB SSD portable laptop computer, expandable to 1TB, Pentium quad-core CPU up to 2.64 GHz, 9000mAh battery, interface, USB3.0 interface, dual-band WiFi, webcam, slim laptops",$,199.0
4,https://www.amazon.com/s?k=laptop&page=4,20251203,"AOC Laptop 15.6"" Full HD IPS Display Laptop Computer with N95 Processor, Work Laptops 16GB RAM 512GB SSD Windows 11 Laptop Business Computer Light&Thin, Metal Shell, Webcam, Type-C, USB 3.2",$,379.0
4,https://www.amazon.com/s?k=laptop&page=4,20251203,"AOC Laptop Computer with N95 Processor(Up to 3.4GHz) 16GB RAM 512GB SSD Laptop, 15.6 Inch FHD Screen Laptops Windows 11 Laptop Computer, Light&Thin, Metal Shell, Webcam, Type-C, USB3.2, Grey",$,389.0
4,https://www.amazon.com/s?k=laptop&page=4,20251203,"ASUS ExpertBook PM3 16” Business Laptop, AMD Ryzen AI 7 350 Processor, 32GB RAM, 1TB SSD, WiFi 7, Windows 11 Pro, Misty Grey, PM3606CKA-XS76",$,"1,259"
4,https://www.amazon.com/s?k=laptop&page=4,20251203,"ASUS Vivobook 18 Laptop, 18” WUXGA 144Hz Display, AMD Ryzen 7 260 with XDNA NPU, AMD Radeon Graphics, 32GB RAM, 1TB SSD, Quiet Blue, M1807HA-DB79",$,"1,099"
4,https://www.amazon.com/s?k=laptop&page=4,20251203,"Alienware 16 Aurora Laptop, 16"" WQXGA 120Hz Display, Intel Core 7-240H Series 2, NVIDIA GeForce RTX 5060 8GB GDDR7, 32GB DDR5 RAM, 1TB PCIe 4.0 SSD, Wi-Fi 7, Win 11 Pro, w/Mytrix Accessory - Blue",$,"2,099.00"
4,https://www.amazon.com/s?k=laptop&page=4,20251203,"DELL Inspiron 15 3530 Business Laptop, 15.6"" FHD Touchscreen, Intel Core i5-1334U, 64GB RAM, 1TB SSD, Lifetime Microsoft Office 2024, Webcam, HDMI, Wi-Fi 6, Windows 11 Pro, Black",$,775.8
4,https://www.amazon.com/s?k=laptop&page=4,20251203,"Gaming Laptop, Laptop 2025 Laptop, ΑΜD Ryzen 5 7430U,15.6-in IPS 16GB RAM 512GB NVMe SSD, WiFi 6, Numeric Keypad, Home Laptops Office Laptops, HDMI Type-C USB3.2 Webcam 3.5mm Audio",$,399.0
4,https://www.amazon.com/s?k=laptop&page=4,20251203,"HP 14 Laptop Student Business 2025 Flagship Computer, AI Copilot, 4-Core 13th Gen Intel CPU, 16GB RAM 628GB Storage (128GB UFS+500GB Ext) 1-Yr Office 365 Long Battery HubxcelAccessory Win 11S Lavender",$,349.0
4,https://www.amazon.com/s?k=laptop&page=4,20251203,"HP 17.3 inch Touchscreen Laptop, Intel Ultra 7 255U 12-Core(Beat Ultra 7 155H), 64 GB DDR5, 2 TB SSD, HD+ 250 nit Display, Copilot AI, Backlit KB, Long Battery, Wifi 6, Windows11 Pro, w/RH-Accessories",$,766.0
4,https://www.amazon.com/s?k=laptop&page=4,20251203,"HP Latest 15.6"" FHD Business Laptop, Intel Dual Core Processor Series, 16GB RAM | 512GB PCIe SSD, Wi-Fi 6, Copilot AI, SD Card Reader, Win11 Pro with Microsoft Office, for Work&Study",$,699.99
4,https://www.amazon.com/s?k=laptop&page=4,20251203,HP Ultrabook Laptop for Students and Business • Office 365 & Copilot AI • Intel 4-Core CPU • 1.1TB Storage (1TB OneDrive and 64GB SSD) • 8GB RAM • Windows 11 w/o Mouse,$,529.99
4,https://www.amazon.com/s?k=laptop&page=4,20251203,"Laptop Computer with Gold 6500Y (Beat N5095, Up to 3.4GHz), Laptop 32GB RAM 1TB SSD, 15.6-Inch 1080P FHD IPS Display, Win 11 Pro, WiFi 5G, BT5, Type-C, HDMI, Laptops",$,299.0
4,https://www.amazon.com/s?k=laptop&page=4,20251203,"Laptop Computer, 16GB RAM 256GB SSD Laptops, 6500Y Processor (up to 3.4GHz), 15.6"" FHD IPS Display, Laptop for Student and Business, WiFi 5, BT 5.0, Sliver",$,239.0
4,https://www.amazon.com/s?k=laptop&page=4,20251203,"Lenovo 2025 ThinkPad P14s Gen 6 Mobile Workstation with 14” OLED 2.8K Dolby Vision VRR 30-120Hz Touchscreen, 64GB DDR5 Memory, AMD Ryzen AI 7 PRO 350 Processor, 1TB SSD, Windows 11 Pro - Copilot+ PC",$,"2,699.00"
4,https://www.amazon.com/s?k=laptop&page=4,20251203,"Lenovo 2026 New Generation 15.6"" Business Laptop for Everyday Use| AMD Ryzen 7 5825U(Outperforms i9-10885H) |16GB RAM | 512GB SSD | Ultra Quiet Design | Long Battery Life | Wi-Fi 6 | Windows 11 Pro",$,398.99
4,https://www.amazon.com/s?k=laptop&page=4,20251203,"Lenovo IdeaPad Slim 3X - 2025 - Everyday AI Laptop - Copilot+ PC - 15.3"" WUXGA Display - 16 GB Memory - 512 GB Storage - Qualcomm® Snapdragon® X - Luna Grey",$,621.0
4,https://www.amazon.com/s?k=laptop&page=4,20251203,"Lenovo ThinkPad E14 Gen 6 14"" FHD+ Display, Intel Ultra 5-125U, 32GB DDR5 RAM, 1TB SSD PCIe, Backlit Keyboard, WiFi 6E + BT, RJ-45, FHD Webcam, Windows 11 Pro, AI Business Laptop - Black",$,949.0
4,https://www.amazon.com/s?k=laptop&page=4,20251203,"Lenovo ThinkPad E16 Gen 2 Business Laptop, 16"" WUXGA Touchscreen, AMD Ryzen 5 7535U, 32GB DDR5, 1TB SSD, Fingerprint, Backlit KB, Wi-Fi 6E, Windows 11 Pro, Bundle with Wireless Mouse & Flash Drive",$,999.0
4,https://www.amazon.com/s?k=laptop&page=4,20251203,"Lenovo Thinkpad E16 Gen 2 Business Laptop 16.0"" IPS WUXGA Display (AMD Ryzen 5 7535U, 16GB DDR5, 512GB PCIe SSD, Backlit KYB, Fingerprint, WiFi 6E, BT 5.3, Win 11 Pro) w/DKZ Hub",$,749.0
4,https://www.amazon.com/s?k=laptop&page=4,20251203,Microsoft Surface Laptop 4 13.5” Touch-Screen – Intel Core i7 - 32GB - 1TB Solid State Drive - Matte Black,$,799.99
4,https://www.amazon.com/s?k=laptop&page=4,20251203,"jumper 17.6 Inch Laptop, 1 Year Office 365, Laptop Computer with 16GB RAM, 512GB SSD+128GB Storage, Windows 11 Laptop, Celeron N95 Processor, 100% sRGB FHD Display, WiFi6, BT5.2, Backlit Keyboard",$,"1,499"
4,https://www.amazon.com/s?k=laptop&page=4,20251203,"laptop 16-inch , 8GB DDR 256GB SSD portable laptop computer, expandable to 1TB, Pentium quad-core CPU up to 2.64 GHz, 9000mAh battery, interface, USB3.0 interface, dual-band WiFi, webcam, slim laptops",$,199.0
5,https://www.amazon.com/s?k=laptop&page=5,20251203,"14 inch Laptop Computer - Pentium Processor with 16GB RAM 256GB SSD, Portable Lightweight Win 11 Laptops, USB 3.2 Gen1, Dual Type-C, USB3.2 Gen1, HDMI, TF Card Slot",$,239.0
5,https://www.amazon.com/s?k=laptop&page=5,20251203,"17.3 Inch Windows 11 Laptop Computer with 24GB RAM 512GB SSD, Celeron N5095 CPU(Up to 2.9GHz), 16:10 FHD IPS 1920x1200 Display, Bluetooth 5.0, USB 3.0, Type-C, Portable Business Student Laptops",$,899.0
5,https://www.amazon.com/s?k=laptop&page=5,20251203,"AOC Laptop 15.6"" Full HD IPS Display Laptop Computer with N95 Processor, Work Laptops 16GB RAM 512GB SSD Windows 11 Laptop Business Computer Light&Thin, Metal Shell, Webcam, Type-C, USB 3.2",$,379.0
5,https://www.amazon.com/s?k=laptop&page=5,20251203,"AOC Laptop Computer with N95 Processor(Up to 3.4GHz) 16GB RAM 512GB SSD Laptop, 15.6 Inch FHD Screen Laptops Windows 11 Laptop Computer, Light&Thin, Metal Shell, Webcam, Type-C, USB3.2, Grey",$,389.0
5,https://www.amazon.com/s?k=laptop&page=5,20251203,"ASUS ROG Strix G16 (2025) Gaming Laptop, 16” ROG Nebula Display 16:10 2.5K 240Hz/3ms, NVIDIA® GeForce RTX™ 5060 GPU, Intel® Core™ Ultra 9 Processor 275HX, 16GB DDR5, 1TB SSD, Wi-Fi 7, Wind11 Home",$,"1,899"
5,https://www.amazon.com/s?k=laptop&page=5,20251203,"ASUS TUF Gaming F16 Gaming Laptop, 16” FHD+ 144Hz IPS-Level 16:10 Display, Intel® Core™ 5 210H, NVIDIA® GeForce RTX™ 4050, 16GB DDR5, 512GB PCIe Gen4 SSD, Wi-Fi 6, Win11 Home, FX607VU-SS53",$,"1,029"
5,https://www.amazon.com/s?k=laptop&page=5,20251203,"ASUS Vivobook S 14 OLED Slim Laptop, AMD Ryzen AI 9 365(10 Cores), 24GB, 1TB SSD, Customizable RGB Keyboard, Cool Silver, M5406WA-AH94",$,"1,138.00"
5,https://www.amazon.com/s?k=laptop&page=5,20251203,"Acer Nitro V Gaming Laptop | Intel Core i9-13900H Processor | NVIDIA GeForce RTX 5060 Laptop GPU | 15.6"" FHD IPS 165Hz Display | 16GB DDR4 | 1TB Gen 4 SSD | Wi-Fi 6 | Backlit KB | ANV15-52-98KV",$,"1,099"
5,https://www.amazon.com/s?k=laptop&page=5,20251203,"Dell Inspiron 15.6"" FHD Touch Screen Business Laptop, 8-Core AMD Ryzen 7 (Beat i7-1255U), 16GB RAM 1TB SSD, Win 11 Pro, Copilot AI, WiFi, Bluetooth, Long Battery Life, w/GM Accessory",$,583.99
5,https://www.amazon.com/s?k=laptop&page=5,20251203,"Dell Inspiron 15.6"" Touchscreen Laptop - Business & Student Laptop Computer, with 2024 Office Lifetime & Win 11 Pro, Ryzen 7 7730U (Beats i7-1255u),16GB RAM, 1TB PCIe SSD WVA LED-Backlit FHD Display",$,577.98
5,https://www.amazon.com/s?k=laptop&page=5,20251203,"Gaming Laptop, Laptop 2025 Laptop, ΑΜD Ryzen 5 7430U,15.6-in IPS 16GB RAM 512GB NVMe SSD, WiFi 6, Numeric Keypad, Home Laptops Office Laptops, HDMI Type-C USB3.2 Webcam 3.5mm Audio",$,399.0
5,https://www.amazon.com/s?k=laptop&page=5,20251203,"HP 15.6 inch Laptop, HD Touchscreen Display, AMD Ryzen 3 7320U, 8 GB RAM, 256 GB SSD, AMD Radeon Graphics, Windows 11 Home, Natural Silver, 15-fc0399nr",$,309.99
5,https://www.amazon.com/s?k=laptop&page=5,20251203,"HP 15.6"" FHD Touchscreen Business Laptop, Intel i7-1255U, 32GB RAM, 1TB PCIe SSD, Intel Iris Xe Graphics, Num Pad, Webcam, Windows 11 Pro, Natural Silver, 32GB Hotface USB Card",$,759.0
5,https://www.amazon.com/s?k=laptop&page=5,20251203,"Laptop Computer, 16GB RAM 256GB SSD Laptops, 6500Y Processor (up to 3.4GHz), 15.6"" FHD IPS Display, Laptop for Student and Business, WiFi 5, BT 5.0, Sliver",$,239.0
5,https://www.amazon.com/s?k=laptop&page=5,20251203,"Lenovo LOQ Laptop Gaming 15,6"" FHD 144Hz, Intel Core i5-13450HX, NVIDIA GeForce RTX 5050, 32GB DDR5 RAM, SSD 1TB, Wi-Fi 6, Teclado Retroiluminado, Windows 11 Pro, Gris Luna, con Accesorio Mytrix",$,997.0
5,https://www.amazon.com/s?k=laptop&page=5,20251203,"Lenovo Newly Designed 15.6"" Business Laptop(2025/2026 Edition) | Intel 4-core Processor | 15.6"" FHD (1920 x 1080) | 16GB DDR4 | 1TB PCIe SSD | Ultra-Quiet Design | Military Durable | Windows 11 Pro",$,359.99
5,https://www.amazon.com/s?k=laptop&page=5,20251203,"Lenovo Newly Designed 15.6"" Business Laptop(2025/2026 Edition) | Intel 4-core Processor | 15.6"" FHD (1920 x 1080) | 32GB DDR4 | 1TB PCIe SSD | Low-Blue Light | Military Durable | Windows 11 Pro",$,569.99
5,https://www.amazon.com/s?k=laptop&page=5,20251203,"Lenovo V15 15.6"" FHD Business Laptop | 2025/2026 Model | High-Performance AMD Ryzen 5 7000 Series Processor | 16GB RAM | 256GB PCIe SSD | Wi-Fi 6 | RJ-45 Ethernet | Windows 11",$,429.99
5,https://www.amazon.com/s?k=laptop&page=5,20251203,"Lenovo V15 Gen 4 Business Laptop, 15.6"" FHD Display, Intel Core i5-13420H (Beat i7-1355U), HDMI, RJ45, Webcam, Numeric Keypad, Wi-Fi, Windows 11 Pro, Black (16GB RAM | 512GB SSD)",$,455.0
5,https://www.amazon.com/s?k=laptop&page=5,20251203,"SAMSUNG Galaxy Book4 2024 Business Laptop 15.6"" FHD IPS 10-Core Intel 7 150U 16GB LPDDR4 512GB SSD Intel Graphics Wi-Fi 6 Backlit Keyboard Fingerprint Win11 Home w/ONT 32GB USB",$,579.0
5,https://www.amazon.com/s?k=laptop&page=5,20251203,"acer Gateway Chromebook 314 CBO314-1H-C476 Laptop | Intel Celeron N4500 | 14"" Full HD (1920 x 1080) Display | 4GB LPDDR4X | 64GB eMMC | Wi-Fi 5 802.11ac | Chrome OS | Star Black",$,237.0
5,https://www.amazon.com/s?k=laptop&page=5,20251203,"laptop 16-inch , 8GB DDR 256GB SSD portable laptop computer, expandable to 1TB, Pentium quad-core CPU up to 2.64 GHz, 9000mAh battery, interface, USB3.0 interface, dual-band WiFi, webcam, slim laptops",$,199.0
6,https://www.amazon.com/s?k=laptop&page=6,20251203,"AOC Laptop 15.6"" Full HD IPS Display Laptop Computer with N95 Processor, Work Laptops 16GB RAM 512GB SSD Windows 11 Laptop Business Computer Light&Thin, Metal Shell, Webcam, Type-C, USB 3.2",$,379.0
6,https://www.amazon.com/s?k=laptop&page=6,20251203,"AOC Laptop Computer with N95 Processor(Up to 3.4GHz) 16GB RAM 512GB SSD Laptop, 15.6 Inch FHD Screen Laptops Windows 11 Laptop Computer, Light&Thin, Metal Shell, Webcam, Type-C, USB3.2, Grey",$,389.0
6,https://www.amazon.com/s?k=laptop&page=6,20251203,"ASUS Vivobook 14 Laptop, Copilot+ PC, 14” WUXGA 60Hz Display, AMD Ryzen AI 7 350 with XDNA NPU, AMD Radeon Graphics, 16GB RAM, 512GB SSD, Platinum Gold, M1407KA-PS74",$,719.0
6,https://www.amazon.com/s?k=laptop&page=6,20251203,"ASUS Vivobook Go 15.6” Slim Laptop, AMD Ryzen 5 7520U, 8GB, 512GB, Windows 11 Home, Cool Silver, Military Grade Durability, Fast Charging, Webcam Shield, E1504FA-AS54",$,419.0
6,https://www.amazon.com/s?k=laptop&page=6,20251203,"Gaming Laptop, Laptop 2025 Laptop, ΑΜD Ryzen 5 7430U,15.6-in IPS 16GB RAM 512GB NVMe SSD, WiFi 6, Numeric Keypad, Home Laptops Office Laptops, HDMI Type-C USB3.2 Webcam 3.5mm Audio",$,399.0
6,https://www.amazon.com/s?k=laptop&page=6,20251203,"HP 14"" Laptop 2025 Holiday Edition, Intel 4-Core CPU, 8GB RAM, 128GB SSD, Willow Green, HD BrightView Display, Windows 11, Microsoft 365 Web Apps + 1TB OneDrive – Great Gift for School & Home",$,529.99
6,https://www.amazon.com/s?k=laptop&page=6,20251203,"HP 17 Laptop, 17.3"" HD+ Touchscreen, Intel Core i7-1255U Processor, 32GB RAM, 2TB SSD, Webcam, HDMI, Wi-Fi, Windows 11 Home, Silver",$,855.0
6,https://www.amazon.com/s?k=laptop&page=6,20251203,"HP 2026 New 15.6'' Business Laptop Included with Microsoft Office, Intel Powerful Processor, 16GB RAM, 256GB SSD, Ultra Quiet Design, Long Battery Life, Bluetooth 5, Wi-Fi 6, Windows 11 Pro",$,298.99
6,https://www.amazon.com/s?k=laptop&page=6,20251203,"HP 255 G10 Business Laptop | 15.6"" FHD Display | AMD Ryzen 5 7530U (Beat i7-1165G7) | 16GB RAM | 512GB SSD | Numeric Keypad | Wi-Fi 6 | Bluetooth 5.2 | Windows 11 Pro | School, Business & Productivity",$,559.99
6,https://www.amazon.com/s?k=laptop&page=6,20251203,"HP Stream 14"" HD BrightView Laptop, Intel Processor N150, 16GB RAM, 416GB Storage (128GB eMMC + 288GB Docking Station Set), Intel UHD Graphics, 720p Camera, Wi-Fi, 1 Year Office 365, Win 11 S, Gold",$,299.0
6,https://www.amazon.com/s?k=laptop&page=6,20251203,"HP Ultrabook, Intel CPU, 16GB RAM, 1.6TB Storage (128GB OnBoard w/ 512GB Portable Drive + 1TB OneDrive), Up to 12 Hours Battery Life, Windows 11 Home, Sky Blue, w/WOWPC 3-in-1 Bundle",$,279.99
6,https://www.amazon.com/s?k=laptop&page=6,20251203,"Laptop Computer with Gold 6500Y (Beat N5095, Up to 3.4GHz), Laptop 32GB RAM 1TB SSD, 15.6-Inch 1080P FHD IPS Display, Win 11 Pro, WiFi 5G, BT5, Type-C, HDMI, Laptops",$,299.0
6,https://www.amazon.com/s?k=laptop&page=6,20251203,"Laptop Computer, 16GB RAM 256GB SSD Laptops, 6500Y Processor (up to 3.4GHz), 15.6"" FHD IPS Display, Laptop for Student and Business, WiFi 5, BT 5.0, Sliver",$,239.0
6,https://www.amazon.com/s?k=laptop&page=6,20251203,"Lenovo 15.6"" FHD Chromebook-Intel Quad-Core N4120(> N4020) 4GB RAM,128GB Storage,(64GB eMMC+64GB SD Card),Home & Student Laptop,with Privacy Camera,Wi-Fi6,HDMI1.4,Chrome OS,Artic Grey",$,211.0
6,https://www.amazon.com/s?k=laptop&page=6,20251203,"Lenovo 15.6"" HD IdeaPad Anti-Glare Screen w/ 1 Year Microsoft 365, 384GB SSD, 12GB RAM, Windows 11 Pro, Up to 9.5 Hours Battery Life, Intel Processor, WiFi 6, HDMI, USB-C, SD Card Reader, w/WOWPC USB",$,249.99
6,https://www.amazon.com/s?k=laptop&page=6,20251203,"Lenovo IdeaPad 1 Student Laptop, Intel Dual Core Processor, 20GB RAM, 1TB SSD + 128GB eMMC, 15.6"" FHD Display, 1 Year Office 365, Windows 11 Home, Wi-Fi 6, Webcam, Bluetooth, SD Card Reader, Grey",$,330.0
6,https://www.amazon.com/s?k=laptop&page=6,20251203,"Lenovo Legion Pro 7i Gen 10 16"" Gaming Laptop (2025 Model) Intel Core Ultra 9 275HX 24C, NVIDIA GeForce RTX 5080 16GB, 64GB RAM, 2TB (1TB+1TB) NVMe SSD, 16.0"" WQXGA OLED 500 nits 240Hz, Windows 11 Pro",$,"2,599.00"
6,https://www.amazon.com/s?k=laptop&page=6,20251203,Lenovo V15 Business Laptop Computer | 2025/2026 Edition | Intel Pentium 4-Core Processor | 15.6 FHD Screen (1920 x 1080) | 16GB RAM | 1TB SSD | Ethernet RJ-45 | Windows 11 Pro with Microsoft Office,$,339.99
6,https://www.amazon.com/s?k=laptop&page=6,20251203,Lenovo V15 Business Laptop | 2025/2026 Edition | Intel Pentium 4-Core Processor | 15.6 FHD Screen (1920 x 1080) | 16GB RAM | 512GB SSD | Ethernet RJ-45 | Windows 11 Pro with Microsoft Office,$,329.99
6,https://www.amazon.com/s?k=laptop&page=6,20251203,"SGIN 15.6 Inch Laptop, 16GB RAM 1024GB SSD, Laptops Computers Celeron N5100, Win 11, Portable Notebook, 7000mAh, WiFi 6, 180° Open Angle, USB 3.2, for Business and Students",$,329.0
6,https://www.amazon.com/s?k=laptop&page=6,20251203,"laptop 16-inch , 8GB DDR 256GB SSD portable laptop computer, expandable to 1TB, Pentium quad-core CPU up to 2.64 GHz, 9000mAh battery, interface, USB3.0 interface, dual-band WiFi, webcam, slim laptops",$,199.0
7,https://www.amazon.com/s?k=laptop&page=7,20251203,"AOC Laptop 15.6"" Full HD IPS Display Laptop Computer with N95 Processor, Work Laptops 16GB RAM 512GB SSD Windows 11 Laptop Business Computer Light&Thin, Metal Shell, Webcam, Type-C, USB 3.2",$,379.0
7,https://www.amazon.com/s?k=laptop&page=7,20251203,"AOC Laptop Computer with N95 Processor(Up to 3.4GHz) 16GB RAM 512GB SSD Laptop, 15.6 Inch FHD Screen Laptops Windows 11 Laptop Computer, Light&Thin, Metal Shell, Webcam, Type-C, USB3.2, Grey",$,389.0
7,https://www.amazon.com/s?k=laptop&page=7,20251203,"ASUS Vivobook 16 Laptop, 16” WUXGA 60Hz Display, Intel Core i5-13420H, Intel Iris Xᵉ Graphics, 16GB Memory, 512GB Storage, Windows 11, Cool Silver, F1605VA-ES56",$,495.0
7,https://www.amazon.com/s?k=laptop&page=7,20251203,"Acer Aspire 14 AI Copilot+ PC | 14"" WUXGA Display | Intel Core Ultra 7 Processor 256V | NPU: Up to 47 Tops - GPU: Up to 64 Tops | Intel ARC 140V | 16GB LPDDR5X | 1TB SSD | Wi-Fi 6E | A14-52M-72S0",$,979.0
7,https://www.amazon.com/s?k=laptop&page=7,20251203,"Acer Aspire 3 Premium Business Laptop | AMD Ryzen 7 7730U CPU | 15.6"" FHD Display | Backlit Keyboard | 32GB RAM | 1TB SSD | Windows 11 Pro with Microsoft Office | Fast Wi-Fi 6 | Pure Silver",$,739.99
7,https://www.amazon.com/s?k=laptop&page=7,20251203,"Dell 14 Plus Laptop DB14250-14-inch 16:10 2.5K (2560x1600) Display, Intel Core Ultra 7-258V, 32GB LPDDR5X RAM, 1TB SSD, Intel Arc Graphics, Backlit Copilot Key Keyboard - Previously Inspiron",$,"1,098"
7,https://www.amazon.com/s?k=laptop&page=7,20251203,"Dell Inspiron 15 3530 Business Laptop, 15.6"" FHD Touchscreen, 16GB RAM 512GB PCIe SSD Intel 10-Core i5-1334U (Beat i7-1250U), Computer for Student-Home Copilot AI WiFi 6 Win 11 Pro w/GM Accessory",$,499.0
7,https://www.amazon.com/s?k=laptop&page=7,20251203,"Dell Inspiron 15 Business Laptop, 15.6"" FHD Touchscreen, Intel 10-Core i5-1334U, 16GB RAM 512GB SSD Wi-Fi 6, Win 11 Pro, Laptop Computer for Work School Home Office Professional Use",$,429.0
7,https://www.amazon.com/s?k=laptop&page=7,20251203,"Gaming Laptop, Laptop 2025 Laptop, ΑΜD Ryzen 5 7430U,15.6-in IPS 16GB RAM 512GB NVMe SSD, WiFi 6, Numeric Keypad, Home Laptops Office Laptops, HDMI Type-C USB3.2 Webcam 3.5mm Audio",$,399.0
7,https://www.amazon.com/s?k=laptop&page=7,20251203,"HP 17 Business Laptop 2025/2026 Edition, 17.3"" FHD IPS Display, AMD 7000 Series Ryzen Processor (Beats Intel i7-1355U), Copilot Key, 64GB RAM, 2TB SSD, HDMI, Wi-Fi 6, Windows 11 Pro, WOWPC USB",$,689.99
7,https://www.amazon.com/s?k=laptop&page=7,20251203,"HP New 15.6"" Business Laptop(2025/2026 Edition), AMD Ryzen 5 7000-Series(Outperforms i7-1165G7), 32GB RAM, 1TB SSD, Ultra Quiet Design, Long Battery Life, Windows 11 Pro with Microsoft Office, WOWPC",$,539.99
7,https://www.amazon.com/s?k=laptop&page=7,20251203,"HP OMEN 17.3 RTX 5070 AI Pro Gaming Laptop, 17.3"" FHD 144Hz, AMD Ryzen AI 9 365, NVIDIA RTX 5070, 64GB DDR5 RAM, 2TB SSD, RGB Backlit KB, Low Blue Light, Bundle with SD620-512GCBL",$,"1,900.00"
7,https://www.amazon.com/s?k=laptop&page=7,20251203,"HP Victus 15 Intel i5-13420H (Beats Intel i7-12650H), NVIDIA RTX 4050 Gaming Laptop, 15.6 FHD 144Hz IPS, 32GB RAM, 1TB SSD, Wi-Fi 6, Backlit KB, Win11 Home, Bundle with PCO Notebook Folding Radiator",$,834.99
7,https://www.amazon.com/s?k=laptop&page=7,20251203,"Laptop Computer with Gold 6500Y (Beat N5095, Up to 3.4GHz), Laptop 32GB RAM 1TB SSD, 15.6-Inch 1080P FHD IPS Display, Win 11 Pro, WiFi 5G, BT5, Type-C, HDMI, Laptops",$,299.0
7,https://www.amazon.com/s?k=laptop&page=7,20251203,"Laptop Computer, 16GB RAM 256GB SSD Laptops, 6500Y Processor (up to 3.4GHz), 15.6"" FHD IPS Display, Laptop for Student and Business, WiFi 5, BT 5.0, Sliver",$,239.0
7,https://www.amazon.com/s?k=laptop&page=7,20251203,"Lenovo 15.6"" HD IdeaPad Anti-Glare Screen w/ 1 Year Microsoft 365, 384GB SSD, 20GB RAM, Windows 11 Pro, WiFi 6, HDMI, USB-C, Intel Processor, SD Card Reader, Up to 9.5 Hours Battery Life, w/WOWPC USB",$,289.99
7,https://www.amazon.com/s?k=laptop&page=7,20251203,"Lenovo V15 Laptop(2025/2026 Edition) | Intel 4-core Processor | 15.6"" FHD (1920 x 1080) | 16GB DDR4 | 512GB PCIe SSD | WiFi-6 | Military Durable | Windows 11 Pro | School, Business & Productivity",$,599.99
7,https://www.amazon.com/s?k=laptop&page=7,20251203,acer Aspire 3 Premium Laptop with Backlit Keyboard | AMD Ryzen 5 7530U CPU | 15.6 FHD IPS Display | 16GB RAM | 256GB PCIe SSD | Type-C | Wi-Fi 6 | Sleek & Portable | Windows 11 Pro,$,449.99
7,https://www.amazon.com/s?k=laptop&page=7,20251203,"acer Aspire Premium Slim Laptop - 15.6"" Full HD IPS 1080P Display - AMD Ryzen 3 7330U Quad-Core Processor - 12GB RAM - 256GB NVMe SSD - Webcam - Wi-Fi 6 - Windows 11 - W/O Mouse",$,345.0
7,https://www.amazon.com/s?k=laptop&page=7,20251203,"laptop 16-inch , 8GB DDR 256GB SSD portable laptop computer, expandable to 1TB, Pentium quad-core CPU up to 2.64 GHz, 9000mAh battery, interface, USB3.0 interface, dual-band WiFi, webcam, slim laptops",$,199.0
8,https://www.amazon.com/s?k=laptop&page=8,20251203,"2025 Laptop,15.6-inch IPS with Windows 11 PRO Laptop with Quad-Core N95(Up to 3.4GHz),16GB DDR4 512GB SSD,Metal Shell, BT5.0, 5G WiFi, USB3.2, Type_C, Webcam, 38Wh Battery",$,305.0
8,https://www.amazon.com/s?k=laptop&page=8,20251203,"AOC Laptop 15.6"" Full HD IPS Display Laptop Computer with N95 Processor, Work Laptops 16GB RAM 512GB SSD Windows 11 Laptop Business Computer Light&Thin, Metal Shell, Webcam, Type-C, USB 3.2",$,379.0
8,https://www.amazon.com/s?k=laptop&page=8,20251203,"AOC Laptop Computer with N95 Processor(Up to 3.4GHz) 16GB RAM 512GB SSD Laptop, 15.6 Inch FHD Screen Laptops Windows 11 Laptop Computer, Light&Thin, Metal Shell, Webcam, Type-C, USB3.2, Grey",$,389.0
8,https://www.amazon.com/s?k=laptop&page=8,20251203,"Acer Swift Go 14 Laptop | 14"" 1920 x 1200 Touch Display | Unlock AI Experiences | AMD Ryzen 7 8845HS Octa-Core Ryzen AI Capable Processor | 16GB LPDDR5X | 1TB PCIe Gen 4 SSD | SFG14-63T-R1F4",$,820.0
8,https://www.amazon.com/s?k=laptop&page=8,20251203,"Dell Inspiron 15.6"" FHD Touchscreen Laptop, 16GB RAM 1TB SSD Intel 10-Core i5-1334U (Beat i7-1250U), Computer with Copilot AI Wi-Fi 6 Win 11 Pro w/GM Accessory, for Business and College Students",$,449.7
8,https://www.amazon.com/s?k=laptop&page=8,20251203,"Dell Inspiron 15.6"" Laptop Computer, Windows 11 Pro Laptop 32GB RAM 1TB SSD, Intel Core i7-1255U Processor, 1920 x 1080 IPS 120Hz Display, Microsoft Office Lifetime License, Numeric Keypad, Black",$,699.99
8,https://www.amazon.com/s?k=laptop&page=8,20251203,"Dell Inspiron 3520 15.6"" Touchscreen i7 Laptop, 15.6"" FHD Touchscreen, Intel Core i7-1255U, 32GB RAM, 1TB SSD, Numeric Keypad, Webcam, SD Card Reader, HDMI, Wi-Fi, Windows 11 Home, Black",$,719.0
8,https://www.amazon.com/s?k=laptop&page=8,20251203,"Gaming Laptop, Laptop 2025 Laptop, ΑΜD Ryzen 5 7430U,15.6-in IPS 16GB RAM 512GB NVMe SSD, WiFi 6, Numeric Keypad, Home Laptops Office Laptops, HDMI Type-C USB3.2 Webcam 3.5mm Audio",$,399.0
8,https://www.amazon.com/s?k=laptop&page=8,20251203,"HP 15.6"" Touchscreen Laptop Computer for Business Home, 8GB DDR4 RAM, 256GB PCIe SSD, Intel Processor Octa-Core, FHD, WiFi 6, Bluetooth 5.4, Numeric Keypad, Moonlight Blue, Windows 11 Home",$,399.0
8,https://www.amazon.com/s?k=laptop&page=8,20251203,"HP 17.3"" Laptop, Full HD (1920 * 1080) Display, AMD Ryzen 5 Processor (Beats i7-11370H), 32GB RAM, 1TB SSD, Windows 11 Home, Webcam, Wi-Fi, Bluetooth, Natural Silver, Alpacatec Accessory",$,469.99
8,https://www.amazon.com/s?k=laptop&page=8,20251203,"HP Latest Stream 14"" HD Laptop, Intel Celeron Processor, 4GB Memory, 64GB eMMC Storage, Fast Charge, HDMI, Up to 11 Hours Long Battery Life, Office 365 1-Year, Win 11 S, Microfiber Bundle, White",$,174.0
8,https://www.amazon.com/s?k=laptop&page=8,20251203,"HP Pavilion 15.6"" Laptop for Business & Home Student | Powerful Intel Core i7-1255U up to 4.7GHz | 32GB RAM - 1TB Storage (512GB PCIe SSD&512GB External) | Webcam | Win11 Pro | WOWPC Bundle",$,829.99
8,https://www.amazon.com/s?k=laptop&page=8,20251203,"HP Victus 15.6"" Full HD 144Hz Gaming Laptop, Intel Core i5-12450H, NVIDIA GeForce RTX 3050,Backlit Keyboard, Wi-Fi 6, Windows 11 Pro, Performance Blue (32GB | 1TB PCIe SSD)",$,798.0
8,https://www.amazon.com/s?k=laptop&page=8,20251203,"Laptop Computer with Gold 6500Y (Beat N5095, Up to 3.4GHz), Laptop 32GB RAM 1TB SSD, 15.6-Inch 1080P FHD IPS Display, Win 11 Pro, WiFi 5G, BT5, Type-C, HDMI, Laptops",$,299.0
8,https://www.amazon.com/s?k=laptop&page=8,20251203,"Laptop Computer, 16GB RAM 256GB SSD Laptops, 6500Y Processor (up to 3.4GHz), 15.6"" FHD IPS Display, Laptop for Student and Business, WiFi 5, BT 5.0, Sliver",$,239.0
8,https://www.amazon.com/s?k=laptop&page=8,20251203,Lenovo IdeaPad 15.6 inch Laptop Computer with Microsoft 365 Home and Business • 12GB RAM • 256GB PCIe SSD • Intel Core • Wi-Fi 6 • 11HR Battery • 1TB Cloud Storage • Win 11 • WOWPC Recovery USB,$,229.99
8,https://www.amazon.com/s?k=laptop&page=8,20251203,"Lenovo Ideapad Slim 3 Laptop for Student & Business with Microsoft Office, Backlit Keyboard, AMD Ryzen 5 5625U (Beats i7-1260U), 15.6"" FHD Display, 16GB RAM, 512GB SSD, Windows 11 Pro, WOWPC USB",$,549.99
8,https://www.amazon.com/s?k=laptop&page=8,20251203,Lenovo New IdeaPad 15.6 Inch Laptop Computer with Microsoft 365 | 12GB RAM | Dual Storage: 256GB PCIe SSD + 128GB eMMC | Wi-Fi 6 | 1TB Cloud Storage | Intel Core | Windows 11 | WOWPC Recovery USB,$,299.99
8,https://www.amazon.com/s?k=laptop&page=8,20251203,"Lenovo V-Series V15 Business Laptop, 15.6"" FHD Display, AMD Ryzen 7 7730U, 40GB RAM, 1TB SSD, Numeric Keypad, HDMI, RJ45, Webcam, Wi-Fi, Windows 11 Pro, Black",$,649.0
8,https://www.amazon.com/s?k=laptop&page=8,20251203,"MSI Thin 15 15.6” 144Hz FHD Gaming Laptop: Intel Core i5-12450H, NVIDIA Geforce RTX 2050, 16GB DDR5, 512GB NVMe SSD, Cooler Boost 5, Win 11: Black B13UCX-2041US",$,649.0
8,https://www.amazon.com/s?k=laptop&page=8,20251203,acer Aspire 3 Premium Laptop with Backlit Keyboard | AMD Ryzen 7 7730U CPU | 15.6 FHD IPS Display | 64GB RAM | 2TB PCIe SSD | Wi-Fi 6 | Sleek & Portable | Type-C | Windows 11 Pro,$,859.99
8,https://www.amazon.com/s?k=laptop&page=8,20251203,"laptop 16-inch , 8GB DDR 256GB SSD portable laptop computer, expandable to 1TB, Pentium quad-core CPU up to 2.64 GHz, 9000mAh battery, interface, USB3.0 interface, dual-band WiFi, webcam, slim laptops",$,199.0
9,https://www.amazon.com/s?k=laptop&page=9,20251203,"AOC Laptop 15.6"" Full HD IPS Display Laptop Computer with N95 Processor, Work Laptops 16GB RAM 512GB SSD Windows 11 Laptop Business Computer Light&Thin, Metal Shell, Webcam, Type-C, USB 3.2",$,379.0
9,https://www.amazon.com/s?k=laptop&page=9,20251203,"AOC Laptop Computer with N95 Processor(Up to 3.4GHz) 16GB RAM 512GB SSD Laptop, 15.6 Inch FHD Screen Laptops Windows 11 Laptop Computer, Light&Thin, Metal Shell, Webcam, Type-C, USB3.2, Grey",$,389.0
9,https://www.amazon.com/s?k=laptop&page=9,20251203,"ASUS Chromebook CX15 Laptop, 15.6"" FHD Anti-Glare Display, Intel Celeron N4500 Processor, 128GB Storage, 8GB RAM, ChromeOS, Pure Grey, CX1505CKA-AS88F-PG",$,269.0
9,https://www.amazon.com/s?k=laptop&page=9,20251203,"Acer Aspire 3 Laptop, 15.6"" FHD 1920 x 1080 Display, 16GB RAM 512GB SSD, AMD Ryzen 5 Series Processor, Windows 11 Pro, Backlit Keyboard, HD Camera, Up to 8 Hours Battery Life, WiFi 6",$,469.99
9,https://www.amazon.com/s?k=laptop&page=9,20251203,"Dell Inspiron 15.6"" FHD Touchscreen Laptop Computer | Intel Core i5-1334U CPU | 32GB RAM | 1.5TB Storage (1TB PCIe SSD + 512GB External) | Long Battery Life | Windows 11 Pro with Microsoft Office",$,519.99
9,https://www.amazon.com/s?k=laptop&page=9,20251203,"Gaming Laptop, Laptop 2025 Laptop, ΑΜD Ryzen 5 7430U,15.6-in IPS 16GB RAM 512GB NVMe SSD, WiFi 6, Numeric Keypad, Home Laptops Office Laptops, HDMI Type-C USB3.2 Webcam 3.5mm Audio",$,399.0
9,https://www.amazon.com/s?k=laptop&page=9,20251203,"HP 14"" Laptop, Intel Dual-Core CPU, 16GB RAM, 256GB SSD, Soft White Finish, HD Display, Windows 11, Microsoft 365 Web Apps with 1TB OneDrive",$,659.99
9,https://www.amazon.com/s?k=laptop&page=9,20251203,"HP 15 G9 Laptop, Powerful Intel i3-1315U up to 4.5GHz (Faster Than i7-1250U), Crisp 15.6"" Full HD Display, Windows 11 Pro, Wi-Fi 6 & Bluetooth 5.3, Ethernet & SD Card, WOWPC USB (32GB RAM, 1TB SSD)",$,469.99
9,https://www.amazon.com/s?k=laptop&page=9,20251203,"HP 17.3"" AI Laptop, Intel Core Ultra 7 255U, 32GB DDR5, 1TB SSD, HD Touchscreen, Backlit Keyboard, Windows 11 Pro, Wi-Fi 6, Natural Silver",$,599.99
9,https://www.amazon.com/s?k=laptop&page=9,20251203,"HP 255 G10 15.6"" FHD Business Laptop, AMD Ryzen 7 7730U, 32GB RAM, 1TB PCIe SSD, Numeric Keypad, Webcam, Wi-Fi 6, HDMI, Windows 11 Pro, Black",$,599.0
9,https://www.amazon.com/s?k=laptop&page=9,20251203,"HP OMEN Slim RTX 5070 Gaming Laptop, 16"" WQXGA 240Hz, Intel Core Ultra 9 285H (Beats Intel i9-14900), 64GB DDR5 RAM, 2TB SSD, RGB Backlit KB, Bundle with PCO Laptop Cooler, Black, Windows 11 Pro",$,"2,008.02"
9,https://www.amazon.com/s?k=laptop&page=9,20251203,"HP Stream 14"" HD BrightView Laptop, Intel Celeron N150, 16GB RAM, 288GB Storage (128GB eMMC + 160GB Docking Station Set), Intel UHD Graphics, 720p Webcam, Wi-Fi, 1 Year Office 365, Win 11 S, Silver",$,309.0
9,https://www.amazon.com/s?k=laptop&page=9,20251203,"HP Ultrabook 15.6"" Business Laptop Computer with Microsoft 365 • 2025/2026 Edition • Copilot AI • Intel 4-Core N100 CPU • 1.1TB Storage (1TB OneDrive + 128GB UFS) • 16GB RAM • Windows 11 • w/o Mouse",$,329.99
9,https://www.amazon.com/s?k=laptop&page=9,20251203,"HP Ultrabook, Intel CPU, 16GB RAM, 1.6TB Storage (128GB OnBoard w/ 512GB Portable Drive + 1TB OneDrive), Up to 12 hrs Battery, Windows 11 Pro, Honey Lavender, w/WOWPC 3-in-1 Bundle",$,349.99
9,https://www.amazon.com/s?k=laptop&page=9,20251203,"HP Victus 15 Gaming Laptop, 15.6"" FHD 144Hz Display, AMD Ryzen 5 7535HS, 16GB DDR5 RAM, 1TB PCIe M.2 SSD, NVIDIA GeForce RTX 2050, HDMI, Webcam, Backlit Keyboard, Wi-Fi 6, Windows 11 Home, Silver",$,679.0
9,https://www.amazon.com/s?k=laptop&page=9,20251203,"Laptop Computer with Gold 6500Y (Beat N5095, Up to 3.4GHz), Laptop 32GB RAM 1TB SSD, 15.6-Inch 1080P FHD IPS Display, Win 11 Pro, WiFi 5G, BT5, Type-C, HDMI, Laptops",$,299.0
9,https://www.amazon.com/s?k=laptop&page=9,20251203,"Laptop Computer, 16GB RAM 256GB SSD Laptops, 6500Y Processor (up to 3.4GHz), 15.6"" FHD IPS Display, Laptop for Student and Business, WiFi 5, BT 5.0, Sliver",$,239.0
9,https://www.amazon.com/s?k=laptop&page=9,20251203,Lenovo IdeaPad Slim 3 15.6 Laptop | 2025/2026 Edition | AMD Ryzen 7 7730U (Beats Intel Ultra 7 255U) | FHD Screen (1920 x 1080) | 16GB RAM | 512GB PCIe SSD | WiFi-6 | Ethernet RJ-45 | Windows 11,$,729.99
9,https://www.amazon.com/s?k=laptop&page=9,20251203,"MSI Vector 16 HX AI 16” 240Hz QHD+ Gaming Laptop: Intel Core Ultra 9-275HX, NVIDIA Geforce RTX 5070Ti, 16GB DDR5, 1TB NVMe SSD, Thunderbolt 5, Wi-Fi 7, Win 11 Home: Cosmo Gray A2XWHG-211US",$,"2,075"
9,https://www.amazon.com/s?k=laptop&page=9,20251203,"Microsoft Surface Laptop (2024), Windows 11 Copilot+ PC, 15"" Touchscreen Display, Snapdragon X Elite (12 core), 16GB RAM, 1TB SSD Storage, Platinum",$,"1,057.31"
9,https://www.amazon.com/s?k=laptop&page=9,20251203,"jumper 2025 Gaming Laptop, AMD Ryzen 5 7430U(Up to 4.3GHz), 16GB DDR4 1TB NVME SSD, 15.6"" FHD IPS Screen, 62.7Wh Battery, Windows 11, GPU, USB3.2, 4 Stereo Speakers, 2 Memory Slots.",$,"1,499"
9,https://www.amazon.com/s?k=laptop&page=9,20251203,"laptop 16-inch , 8GB DDR 256GB SSD portable laptop computer, expandable to 1TB, Pentium quad-core CPU up to 2.64 GHz, 9000mAh battery, interface, USB3.0 interface, dual-band WiFi, webcam, slim laptops",$,199.0
10,https://www.amazon.com/s?k=laptop&page=10,20251203,"AOC Laptop 15.6"" Full HD IPS Display Laptop Computer with N95 Processor, Work Laptops 16GB RAM 512GB SSD Windows 11 Laptop Business Computer Light&Thin, Metal Shell, Webcam, Type-C, USB 3.2",$,379.0
10,https://www.amazon.com/s?k=laptop&page=10,20251203,"AOC Laptop Computer with N95 Processor(Up to 3.4GHz) 16GB RAM 512GB SSD Laptop, 15.6 Inch FHD Screen Laptops Windows 11 Laptop Computer, Light&Thin, Metal Shell, Webcam, Type-C, USB3.2, Grey",$,389.0
10,https://www.amazon.com/s?k=laptop&page=10,20251203,"Acer Aspire 16 AI Copilot+ PC | 16"" WUXGA 120Hz Multi-Touch Display | Snapdragon X | NPU: 45 Tops - GPU: Up to 1.7 TFLOPs | 16GB LPDDR5X | 512GB PCIe Gen 4 SSD | Wi-Fi 7 | A16-11MT-X669",$,599.0
10,https://www.amazon.com/s?k=laptop&page=10,20251203,"Dell Inspiron 15 3530 Touchscreen Laptop | Intel 10-Core i5-1334U (Beat i7-1250U) | 15.6"" FHD Anti-Glare | 16GB RAM | 512GB PCIe SSD | WiFi-6 | Windows 11 | Ethernet RJ-45 | Long Battery Life",$,484.99
10,https://www.amazon.com/s?k=laptop&page=10,20251203,"Gaming Laptop, Laptop 2025 Laptop, ΑΜD Ryzen 5 7430U,15.6-in IPS 16GB RAM 512GB NVMe SSD, WiFi 6, Numeric Keypad, Home Laptops Office Laptops, HDMI Type-C USB3.2 Webcam 3.5mm Audio",$,399.0
10,https://www.amazon.com/s?k=laptop&page=10,20251203,"HP 14 Ultrabook, Intel CPU, 32GB RAM, 1.6TB Storage (64GB OnBoard w/ 512GB Portable Drive + 1TB OneDrive), Up to 12 Hours Battery, Windows 11 Home, Snowflake White, w/WOWPC 3-in-1 Bundle",$,339.99
10,https://www.amazon.com/s?k=laptop&page=10,20251203,"HP 15 Laptop for School, Work & Home • 15.6"" FHD 1080p IPS Display • Powerful Intel Processor • 16GB RAM • 512GB SSD • Microsoft Office 365 • Copilot AI • Windows 11 Pro • SD Card Reader • HDMI",$,318.99
10,https://www.amazon.com/s?k=laptop&page=10,20251203,"HP 15.6 inch FHD Business Laptop | Intel Dual Core Processor Series | 16GB RAM | 512GB SSD | SD Card Reader | Long Battery | Wi-Fi 6 | Windows 11 Pro | School, Business & Productivity",$,449.99
10,https://www.amazon.com/s?k=laptop&page=10,20251203,"HP 17 Inch Business Laptop 2025 Thanksgiving Limited Edition, 17.3'' FHD IPS Anti-Glare Display, AMD Ryzen 5 7430U (Beats Core i7-1355U), 16GB RAM, 512GB SSD, HDMI, Windows 11 Pro, Wi-Fi 6, WOWPC USB",$,569.99
10,https://www.amazon.com/s?k=laptop&page=10,20251203,"HP G9 Business Laptop | 15.6"" FHD Display | Intel Celeron Dual Core Processor Series | 16GB RAM | 256GB SSD | Long Battery | Fast Wi-Fi 6 | Win11 Pro with MS Office | School, Business & Productivity",$,279.99
10,https://www.amazon.com/s?k=laptop&page=10,20251203,"Laptop Computer with Gold 6500Y (Beat N5095, Up to 3.4GHz), Laptop 32GB RAM 1TB SSD, 15.6-Inch 1080P FHD IPS Display, Win 11 Pro, WiFi 5G, BT5, Type-C, HDMI, Laptops",$,299.0
10,https://www.amazon.com/s?k=laptop&page=10,20251203,"Laptop Computer, 16GB RAM 256GB SSD Laptops, 6500Y Processor (up to 3.4GHz), 15.6"" FHD IPS Display, Laptop for Student and Business, WiFi 5, BT 5.0, Sliver",$,239.0
10,https://www.amazon.com/s?k=laptop&page=10,20251203,"Lenovo 2025 ThinkPad E16 Gen 2 Business Laptop, Intel Core Ultra 7 155U (>i7-13700H), 64GB DDR5 RAM, 2TB SSD, 16"" FHD Display, Backlit KB, Fingerprint, Win 11 Pro, w/WOWPC Recovery USB",$,"1,269.99"
10,https://www.amazon.com/s?k=laptop&page=10,20251203,"Lenovo 2025-2026 New Generation V15 Business and Student Laptop | 15.6"" FHD Display | Intel High-Performance CPU | 8GB RAM | 256GB SSD | Ultra-Quiet Design | Long Battery Life | Windows 11 | WOWPC",$,238.99
10,https://www.amazon.com/s?k=laptop&page=10,20251203,"Lenovo IdeaPad 1i Laptop, 15.6"" FHD Touchscreen, Intel Core i5-1235U Processor, 16GB RAM, 512GB SSD, Webcam, HDMI, Wi-Fi 6, Windows 11 Home, Blue",$,435.0
10,https://www.amazon.com/s?k=laptop&page=10,20251203,Lenovo Laptop | Intel Core | 15.6 Anti-Glare Screen | 1 Year Office 365 | 12GB RAM | 256GB SSD + 128GB eMMC | 1TB Cloud Storage | 11HR Battery | Windows 11 Pro | Wi-Fi 6 | WOWPC Recovery USB,$,249.99
10,https://www.amazon.com/s?k=laptop&page=10,20251203,Lenovo Laptop | Intel Core |15.6 Anti-Glare Screen | 1 Year Office 365 | 20GB RAM | 512GB SSD + 128GB eMMC | 1TB Cloud Storage | 11HR Battery | Windows11|Wi-Fi 6| WOWPC Recovery USB,$,389.99
10,https://www.amazon.com/s?k=laptop&page=10,20251203,"Lenovo New V15 Business Laptop 2025/2026 Edition, 15.6"" FHD Display, Intel High-Performance CPU, 16GB RAM, 1TB SSD, Windows 11 with Microsoft Office, Ultra-Quiet Design, Long Battery Life. WOWPC",$,328.99
10,https://www.amazon.com/s?k=laptop&page=10,20251203,"Lenovo Premium Series IdeaPad Laptop | Latest Model | 12GB RAM | 256GB SSD | 1 Year Office 365 w/ 1TB Cloud Storage | Intel Core | 15.6"" | Numeric Keypad | WiFi 6 | Win 11 | w/WOWPC Recovery USB",$,249.99
10,https://www.amazon.com/s?k=laptop&page=10,20251203,"Lenovo ThinkBook 16 Gen 7 Business Laptop (16"" FHD+ Anti-Glare, AMD Ryzen 5 7533HS (> i7-1255U), 16GB DDR5 RAM, 512GB SSD), Fingerprint Reader, Webcam, Ethernet, Wi-Fi 6, Win 11 Pro w/ Copilot, Grey",$,499.98
10,https://www.amazon.com/s?k=laptop&page=10,20251203,"Lenovo V15 Business Laptop | 15.6"" FHD Anti-Glare | Intel Core i7-13620H | 24GB RAM | 1TB SSD | HDMI | Numeric Keypad | Webcam | Wi-Fi 6 | Windows 11 Pro | Bundle with Thunderobot Wireless Mouse",$,679.0
10,https://www.amazon.com/s?k=laptop&page=10,20251203,"laptop 16-inch , 8GB DDR 256GB SSD portable laptop computer, expandable to 1TB, Pentium quad-core CPU up to 2.64 GHz, 9000mAh battery, interface, USB3.0 interface, dual-band WiFi, webcam, slim laptops",$,199.0
